<?xml version="1.0" encoding="UTF-8"?>
<project-private xmlns="http://www.netbeans.org/ns/project-private/1">
    <editor-bookmarks xmlns="http://www.netbeans.org/ns/editor-bookmarks/2" lastBookmarkId="0"/>
    <open-files xmlns="http://www.netbeans.org/ns/projectui-open-files/2">
        <group>
            <file>file:/C:/Users/ronis/OneDrive%20-%20Global%20College%20of%20Management/3rd%20sem%20software%20design/project_black_jack/SYST17796_ProjectStarterCode/src/ca/sheridancollege/project/Game.java</file>
            <file>file:/C:/Users/ronis/OneDrive%20-%20Global%20College%20of%20Management/3rd%20sem%20software%20design/project_black_jack/SYST17796_ProjectStarterCode/src/ca/sheridancollege/project/Deck.java</file>
            <file>file:/C:/Users/ronis/OneDrive%20-%20Global%20College%20of%20Management/3rd%20sem%20software%20design/project_black_jack/SYST17796_ProjectStarterCode/src/ca/sheridancollege/project/Hand.java</file>
            <file>file:/C:/Users/ronis/OneDrive%20-%20Global%20College%20of%20Management/3rd%20sem%20software%20design/project_black_jack/SYST17796_ProjectStarterCode/src/ca/sheridancollege/project/Card.java</file>
            <file>file:/C:/Users/ronis/OneDrive%20-%20Global%20College%20of%20Management/3rd%20sem%20software%20design/project_black_jack/SYST17796_ProjectStarterCode/src/ca/sheridancollege/project/Main.java</file>
            <file>file:/C:/Users/ronis/OneDrive%20-%20Global%20College%20of%20Management/3rd%20sem%20software%20design/project_black_jack/SYST17796_ProjectStarterCode/src/ca/sheridancollege/project/Player.java</file>
        </group>
    </open-files>
</project-private>
